Nome,Email,Idade
Ana Souza,ana.souza@example.com,28
Carlos Silva,carlos.silva@example.com,34
Fernanda Oliveira,fernanda.oliveira@example.com,16
João Pereira,joao.pereira@example.com,45
Maria Costa,maria.costa@example.com,31
Lucas Almeida,lucas.almeida@example.com,29
Juliana Santos,juliana.santos@example.com,15
Pedro Lima,pedro.lima@example.com,38
Gabriela Rocha,gabriela.rocha@example.com,24
Rafael Martins,rafael.martins@example.com,36
Camila Ferreira,camila.ferreira@example.com,30
Felipe Ribeiro,felipe.ribeiro@example.com,33
Larissa Almeida,larissa.almeida@example.com,25
Bruno Dias,bruno.dias@example.com,17
Beatriz Mendes,beatriz.mendes@example.com,32
Thiago Costa,thiago.costa@example.com,41
Letícia Nunes,leticia.nunes@example.com,22
André Santos,andre.santos@example.com,35
Clara Martins,clara.martins@example.com,40
Gabriel Rodrigues,gabriel.rodrigues@example.com,23
Vanessa Lopes,vanessa.lopes@example.com,34
Igor Santos,igor.santos@example.com,31
Raquel Oliveira,raquel.oliveira@example.com,26
Matheus Gomes,matheus.gomes@example.com,37
Isabela Ferreira,isabela.ferreira@example.com,28
Jorge Almeida,jorge.almeida@example.com,44
Tânia Costa,tania.costa@example.com,39
Roberto Silva,roberto.silva@example.com,30
Aline Nascimento,aline.nascimento@example.com,27
Samuel Dias,samuel.dias@example.com,32
Renata Martins,renata.martins@example.com,24
Eduardo Lima,eduardo.lima@example.com,38
Priscila Rocha,priscila.rocha@example.com,33
Alan Ferreira,alan.ferreira@example.com,29
Fabiana Santos,fabiana.santos@example.com,25
Daniel Pereira,daniel.pereira@example.com,36
Sônia Costa,sonia.costa@example.com,42
Vinícius Almeida,vinicius.almeida@example.com,23
Mirella Nunes,mirella.nunes@example.com,34
Igor Gomes,igor.gomes@example.com,29
Natália Ribeiro,natalia.ribeiro@example.com,32
Paulo Sérgio,paulo.sergio@example.com,40
Flávia Dias,flavia.dias@example.com,31
Cláudio Silva,claudio.silva@example.com,35
Ana Paula,ana.paula@example.com,27
Hugo Ferreira,hugo.ferreira@example.com,26
Silvana Almeida,silvana.almeida@example.com,30
Felipe Lima,felipe.lima@example.com,33
Jaqueline Santos,jaqueline.santos@example.com,28
Otávio Costa,otavio.costa@example.com,39
Fernanda Ribeiro,fernanda.ribeiro@example.com,22
Marcos Oliveira,marcos.oliveira@example.com,36
Alice Nunes,alice.nunes@example.com,30
Davi Gomes,davi.gomes@example.com,25
Karina Mendes,karina.mendes@example.com,34
Gustavo Santos,gustavo.santos@example.com,29
Rita Lima,rita.lima@example.com,42
Cíntia Rocha,cintia.rocha@example.com,33
Luan Dias,luan.dias@example.com,28
Simone Ferreira,simone.ferreira@example.com,27
Leonardo Martins,leonardo.martins@example.com,31
Tamires Almeida,tamires.almeida@example.com,24
Ricardo Silva,ricardo.silva@example.com,40
Elisângela Costa,elisangela.costa@example.com,22
Bruno Lima,bruno.lima@example.com,35
Gisele Oliveira,gisele.oliveira@example.com,30
Fábio Santos,fabio.santos@example.com,34
Patrícia Nascimento,patricia.nascimento@example.com,29
Antônio Almeida,antonio.almeida@example.com,36
Letícia Gomes,leticia.gomes@example.com,25
Alessandra Dias,alessandra.dias@example.com,32
Igor Ribeiro,igor.ribeiro@example.com,33
Kelly Martins,kelly.martins@example.com,22
Maicon Costa,maicon.costa@example.com,28
Vanessa Ferreira,vanessa.ferreira@example.com,31
Tiago Almeida,tiago.almeida@example.com,34
Solange Silva,solange.silva@example.com,29
Edson Nunes,edson.nunes@example.com,36
Juliano Gomes,juliano.gomes@example.com,38
Renan Santos,renan.santos@example.com,27
Roberta Costa,roberta.costa@example.com,35
Leandro Ribeiro,leandro.ribeiro@example.com,30
Ana Clara,ana.clara@example.com,24
Jéssica Oliveira,jessica.oliveira@example.com,17
Felipe Martins,felipe.martins@example.com,31
Viviane Almeida,viviane.almeida@example.com,22
Alexandre Silva,alexandre.silva@example.com,40
Tânia Ribeiro,tania.ribeiro@example.com,28
Carla Ferreira,carla.ferreira@example.com,25
Carlos Eduardo,carlos.eduardo@example.com,34
Kelly Santos,kelly.santos@example.com,36
Alan Martins,alan.martins@example.com,27
Bruna Oliveira,bruna.oliveira@example.com,29
Júlio Lima,julio.lima@example.com,33
Débora Nascimento,debora.nascimento@example.com,31
Mário Gomes,mario.gomes@example.com,22
Aline Santos,aline.santos@example.com,34
Caio Ribeiro,caio.ribeiro@example.com,35
Priscila Almeida,priscila.almeida@example.com,26
Samuel Ferreira,samuel.ferreira@example.com,39
Natan Oliveira,natan.oliveira@example.com,30
Patrícia Gomes,patricia.gomes@example.com,17
Gustavo Ferreira,gustavo.ferreira@example.com,34
Eduarda Santos,eduarda.santos@example.com,22
Ricardo Lima,ricardo.lima@example.com,31
Bianca Almeida,bianca.almeida@example.com,25
Fábio Nunes,fabio.nunes@example.com,36
Sara Costa,sara.costa@example.com,29
Vinícius Dias,vinicius.dias@example.com,40
Lívia Rocha,livia.rocha@example.com,23
Alberto Martins,alberto.martins@example.com,38
Jessica Ribeiro,jessica.ribeiro@example.com,32
Felipe Almeida,felipe.almeida@example.com,28
Thais Silva,thais.silva@example.com,30
Robson Santos,robson.santos@example.com,33
Clarice Ferreira,clarice.ferreira@example.com,24
Ronaldo Costa,ronaldo.costa@example.com,29
Mariana Nascimento,mariana.nascimento@example.com,35
Leonardo Gomes,leonardo.gomes@example.com,42
Patrícia Almeida,patricia.almeida@example.com,27
Samuel Nunes,samuel.nunes@example.com,31
Carmen Oliveira,carmen.oliveira@example.com,22
Hugo Santos,hugo.santos@example.com,37
Talita Ferreira,talita.ferreira@example.com,30
Felipe Costa,felipe.costa@example.com,25
Amanda Martins,amanda.martins@example.com,34
Túlio Lima,tulio.lima@example.com,39
Karina Rocha,karina.rocha@example.com,26
Gustavo Ribeiro,gustavo.ribeiro@example.com,28
Priscila Santos,priscila.santos@example.com,23
Anderson Almeida,anderson.almeida@example.com,36
Isis Costa,isis.costa@example.com,34
Marcelo Lima,marcelo.lima@example.com,31
Ana Lúcia,ana.lucia@example.com,29
Elias Dias,elias.dias@example.com,38
Juliana Nascimento,juliana.nascimento@example.com,27
Rogerio Ferreira,rogerio.ferreira@example.com,30
Sabrina Almeida,sabrina.almeida@example.com,22
Daniela Costa,daniela.costa@example.com,41
Victor Hugo,victor.hugo@example.com,35
Júlio Santos,julio.santos@example.com,28
Flávia Nunes,flavia.nunes@example.com,24
Cristiane Rocha,cristiane.rocha@example.com,33
Matheus Ferreira,matheus.ferreira@example.com,26
Guilherme Ribeiro,guilherme.ribeiro@example.com,29
Priscila Lima,priscila.lima@example.com,32
Caroline Mendes,caroline.mendes@example.com,30
Rodrigo Silva,rodrigo.silva@example.com,34
Elaine Costa,elaine.costa@example.com,27
Thiago Almeida,thiago.almeida@example.com,38
Marta Santos,marta.santos@example.com,22
Lucas Ferreira,lucas.ferreira@example.com,25
Bianca Lima,bianca.lima@example.com,41
Cristiano Nunes,cristiano.nunes@example.com,39
Daniele Martins,daniele.martins@example.com,30
Ismael Ribeiro,ismael.ribeiro@example.com,36
Tatiane Costa,tatiane.costa@example.com,34
Felipe Santos,felipe.santos@example.com,29
Vanessa Almeida,vanessa.almeida@example.com,23
Rodrigo Lima,rodrigo.lima@example.com,35
Juliano Rocha,juliano.rocha@example.com,32
Lorena Ferreira,lorena.ferreira@example.com,28
Anderson Santos,anderson.santos@example.com,30
Sérgio Nascimento,sergio.nascimento@example.com,27
Karine Oliveira,karine.oliveira@example.com,41
Nicolas Costa,nicolas.costa@example.com,33
Juliana Martins,juliana.martins@example.com,22
Márcio Dias,márcio.dias@example.com,36
Evelyn Ribeiro,evelyn.ribeiro@example.com,29
Edgar Ferreira,edgar.ferreira@example.com,30
Fabiana Almeida,fabiana.almeida@example.com,25
Henrique Lima,henrique.lima@example.com,34
Renan Santos,renan.santos@example.com,38
Simone Costa,simone.costa@example.com,28
Flávia Almeida,flavia.almeida@example.com,24
João Pedro,joao.pedro@example.com,32
Leandro Ferreira,leandro.ferreira@example.com,27
Alessandra Nunes,alessandra.nunes@example.com,31
Cecília Lima,cecila.lima@example.com,22
Fernando Rocha,fernando.rocha@example.com,40
Michele Dias,michele.dias@example.com,35
Ricardo Gomes,ricardo.gomes@example.com,39
Sabrina Nascimento,sabrina.nascimento@example.com,30
Tânia Santos,tania.santos@example.com,26
Otávio Almeida,otavio.almeida@example.com,29
Nina Ferreira,nina.ferreira@example.com,34
Renato Oliveira,renato.oliveira@example.com,29
Larissa Costa,larissa.costa@example.com,23
Gabriel Santos,gabriel.santos@example.com,21
Mariana Ribeiro,mariana.ribeiro@example.com,17
Diego Martins,diego.martins@example.com,19
Cláudia Almeida,claudia.almeida@example.com,34
Ricardo Lima,ricardo.lima@example.com,40
Natália Nunes,natalia.nunes@example.com,15
Felipe Costa,felipe.costa@example.com,22
Gustavo Ferreira,gustavo.ferreira@example.com,31
Simone Santos,simone.santos@example.com,26
Tiago Almeida,tiago.almeida@example.com,18
Alice Gomes,alice.gomes@example.com,17
Júlio Oliveira,julio.oliveira@example.com,25
Amanda Nascimento,amanda.nascimento@example.com,20
Bruno Ferreira,bruno.ferreira@example.com,27
Tamires Dias,tamires.dias@example.com,16
Leonardo Lima,leonardo.lima@example.com,30
Priscila Rocha,priscila.rocha@example.com,22
André Santos,andre.santos@example.com,34
Isabela Almeida,isabela.almeida@example.com,18
Vinícius Gomes,vinicius.gomes@example.com,24
Gabriela Martins,gabriela.martins@example.com,17
Marcelo Nunes,marcelo.nunes@example.com,33
Eliane Costa,eliane.costa@example.com,27
Rafael Santos,rafael.santos@example.com,19
Sabrina Almeida,sabrina.almeida@example.com,21
Daniel Lima,daniel.lima@example.com,38
Vitor Hugo,vitor.hugo@example.com,15
Juliana Costa,juliana.costa@example.com,29
Hugo Ferreira,hugo.ferreira@example.com,23
Karina Rocha,karina.rocha@example.com,22
Carlos Eduardo,carlos.eduardo@example.com,35
Fernanda Nascimento,fernanda.nascimento@example.com,16
Leandro Dias,leandro.dias@example.com,28
Marina Almeida,marina.almeida@example.com,19
João Pedro,joao.pedro@example.com,20
Clara Ferreira,clara.ferreira@example.com,17
Sérgio Ribeiro,sergio.ribeiro@example.com,31
Roberta Santos,roberta.santos@example.com,34
Gustavo Martins,gustavo.martins@example.com,26
Eduarda Lima,eduarda.lima@example.com,24
Alan Oliveira,alan.oliveira@example.com,30
Viviane Almeida,viviane.almeida@example.com,15
Raquel Costa,raquel.costa@example.com,32
Thiago Nunes,thiago.nunes@example.com,27
Fabiana Dias,fabiana.dias@example.com,23
Felipe Martins,felipe.martins@example.com,18
Carmen Oliveira,carmen.oliveira@example.com,40
João Vitor,joao.vitor@example.com,22
Marta Ribeiro,marta.ribeiro@example.com,21
Elias Santos,elias.santos@example.com,19
Ricardo Ferreira,ricardo.ferreira@example.com,28
Aline Rocha,aline.rocha@example.com,25
Henrique Almeida,henrique.almeida@example.com,34
Cíntia Lima,cintia.lima@example.com,17
Juliano Costa,juliano.costa@example.com,30
Patrícia Dias,patricia.dias@example.com,23
Lucas Oliveira,lucas.oliveira@example.com,35
Jessica Almeida,jessica.almeida@example.com,16
Marcos Ferreira,marcos.ferreira@example.com,22
Ana Clara,ana.clara@example.com,18
Bruno Dias,bruno.dias@example.com,15
Igor Nunes,igor.nunes@example.com,26
Leonardo Rocha,leonardo.rocha@example.com,24
Viviane Costa,viviane.costa@example.com,19
Felipe Lima,felipe.lima@example.com,20
Gustavo Santos,gustavo.santos@example.com,29
Tatiane Almeida,tatiane.almeida@example.com,32
Renato Ferreira,renato.ferreira@example.com,31
Daniele Santos,daniele.santos@example.com,27
Natan Oliveira,natan.oliveira@example.com,28
Raiane Nunes,raiane.nunes@example.com,17
Rogério Lima,rogerio.lima@example.com,22
Fábio Almeida,fabio.almeida@example.com,18
Ana Lúcia,ana.lucia@example.com,21
Robson Martins,robson.martins@example.com,19
Sérgio Dias,sergio.dias@example.com,25
Eliane Ferreira,eliane.ferreira@example.com,33
Matheus Santos,matheus.santos@example.com,27
Cíntia Oliveira,cintia.oliveira@example.com,24
Felipe Gomes,felipe.gomes@example.com,30
Talita Almeida,talita.almeida@example.com,15
Igor Ribeiro,igor.ribeiro@example.com,22
Luana Costa,luana.costa@example.com,34
Patrícia Nascimento,patricia.nascimento@example.com,16
Caio Ferreira,caio.ferreira@example.com,18
Hugo Santos,hugo.santos@example.com,29
